LBO Number,LBO Name,IP Address
361900,ABBA,10.93.76.65
557119,ABBEYDALE,10.94.0.1
538458,ABBOTSWELL,10.94.0.65
582031,ABERDARE,10.94.0.97
538011,ABERDEEN,10.94.0.129
580311,ABERGAVENNY,10.93.75.33
160105,ABERGELE,10.93.76.97
345008,ABERTAWE,10.94.0.225
568282,ABINGDON,10.94.1.1
218707,ABRONHILL,10.94.1.33
322016,ACACIA,10.94.1.65
534641,ACADEMICAL,10.94.1.97
573859,ACCRINGTON,10.94.1.129
434022,ACKLAM ROAD,10.93.6.225
304114,ACOMB,10.93.30.225
400370,ADDINGTON ROAD,10.94.210.161
508311,ADDLESTONE,10.94.1.193
240400,ADELAIDE,10.94.1.225
425143,AIKENHEAD ROAD,10.94.223.161
382936,AINSDALE,10.93.115.97
521600,ALBANS,10.94.2.97
376435,ALBERT PARK,10.93.103.33
240508,ALBION,10.94.2.161
283282,ALCESTER ROAD,10.93.18.129
366425,ALDERSHOT,10.93.82.225
578409,ALEXAN,10.94.2.225
316709,ALEXANDER STREET,10.93.97.193
532621,ALEXANDRIA,10.94.3.33
333417,ALFRETON,10.94.3.65
535371,ALHAMBRA,10.93.94.161
318841,ALLENTON,10.94.3.161
586282,ALLESLEY,10.94.3.225
215600,ALLOA,10.94.4.1
383268,ALMOND,10.93.112.65
427196,ALNWICK,10.94.247.161
040304,ALPERTON,10.94.4.65
232505,ALPHA,10.93.97.65
447217,ALTWAY,10.94.226.225
559898,ALVERTHORPE,10.94.4.161
240850,AMBASSADOR,10.93.131.33
378013,AMEN CORNER,10.93.105.193
581591,AMESBURY,10.94.5.33
314161,AMWELL,10.93.41.161
531524,ANCASTER,10.94.5.65
572019,ANGLESEY,10.94.5.161
351751,ANLABY,10.96.0.33
334219,ANNAN,10.93.59.65
298123,ANNIESLAND,10.94.5.225
569458,ANSDELL,10.94.6.1
415744,ANSTY ROAD,10.94.211.193
362618,ARABIA,10.93.78.129
424084,ARBROATH,10.93.60.33
110205,ARCHWAY,10.93.118.129
300675,ARDEN OAK,10.94.6.129
340103,ARDLEIGH GREEN,10.94.6.161
536911,ARDROSSAN,10.94.6.193
563474,ARDWICK,10.93.84.161
357195,ARGOSY,10.93.65.33
549193,ARMLEY,10.94.7.65
239011,ARMY & NAVY,10.94.7.97
324108,ARNOLD,10.93.32.129
447028,ARRIBA,10.93.84.97
571338,ARROWE,10.94.7.193
354709,ARROWSMITH,10.93.62.65
110302,ARSENAL,10.94.7.225
428165,ARTHURS HILL,10.94.246.225
040401,ASCOT,10.93.87.129
505612,ASH,10.94.8.65
310337,ASHFIELD,10.93.17.225
332879,ASHINGTON,10.94.8.129
561951,ASHTON,10.94.8.193
538111,ASHVALE,10.94.8.225
389633,ASKERN,10.93.129.97
345709,ASTLE,10.93.31.161
590138,ATHERSTONE,10.94.9.33
332917,ATHERTON,10.94.9.65
351674,ATHLETIC,10.93.53.161
356577,ATRIUM,10.93.65.161
345806,AUCHINAIRN,10.94.9.129
576704,AUSTELL,10.94.9.193
585481,AUTOS,10.94.10.1
341606,AVELEY,10.94.10.33
431938,AVENUE,10.93.2.193
578360,AVONMOUTH,10.94.10.97
406114,AYLESBURY,10.94.225.1
433917,AYRESOME PARK,10.93.6.1
577277,BABBACOMBE,10.94.10.225
412178,BAGGIES,10.94.202.65
333905,BAILLIESTON,10.94.11.33
534495,BAINSFORD,10.94.11.65
433713,BAKEHOUSE HILL,10.94.215.193
330396,BAKER STREET,10.94.11.97
326127,BALCONY,10.93.79.225
231509,BALLARDS LANE,10.94.11.193
428340,BALLOON,10.94.247.97
417303,BALSALL COMMON,10.94.212.129
573264,BAMBER,10.94.12.33
565747,BAMFORD,10.94.12.65
506911,BANDON,10.94.12.97
409078,BANK STREET,10.94.255.161
558105,BANKFOOT,10.94.12.129
213608,BANKHALL,10.94.12.161
431899,BANKHEAD,10.94.215.1
312218,BANSTEAD,10.93.35.225
237027,BARDOWIE,10.94.12.193
414825,BARGATE DRIVE,10.93.10.161
045802,BARHAM,10.94.12.225
320676,BARKBY ROAD,10.94.13.1
238333,BARKER HOUSE ROAD,10.94.13.33
529881,BARLBY,10.94.13.97
537156,BARMULLOCH,10.94.13.161
117706,BARNABAS,10.94.13.193
241504,BARNFIELD,10.94.14.1
409440,BARNSTAPLE,10.94.221.1
305838,BARON TAYLORS,10.93.25.65
535871,BARRHEAD,10.94.14.65
348597,BARROW-IN-FURNESS,10.94.14.97
583813,BARRY,10.94.14.129
305266,BARTON,10.94.200.193
405361,BASILDON,10.93.3.65
325546,BATCHLEY,10.94.14.161
457624,BATH STREET,10.96.6.193
329347,BATHGATE,10.94.14.193
559029,BATLEY,10.94.14.225
453693,BAY HORSE,10.94.248.225
568667,BAZAAR,10.94.15.97
333719,BEAMISH,10.93.18.33
435964,BECKETT ROAD,10.93.18.161
276960,BECKTON,10.94.15.193
314779,BECONTREE,10.93.41.1
434719,BEDALE MARKET,10.94.216.129
400734,BEDFORD HILL,10.93.3.161
060704,BEDMINSTER,10.94.16.1
315770,BEDWELL,10.93.40.1
437806,BEE HIVE,10.94.232.129
546052,BEESTON,10.94.16.65
364910,BELGRAVE,10.93.84.33
546286,BELLISLE,10.94.16.97
242306,BELVEDERE,10.94.16.193
426647,BENALDER STREET,10.94.222.129
564559,BENCHILL,10.94.16.225
315003,BENFLEET,10.93.40.193
552855,BENTLEY,10.94.17.1
567216,BETHESDA,10.94.17.97
417672,BEWDLEY ROAD,10.93.11.97
511711,BEXLEYHEATH,10.94.17.225
589472,BICESTER,10.94.18.1
409526,BIDEFORD,10.94.221.65
414200,BILBROOK,10.93.10.193
507390,BINGHAM,10.94.18.97
515076,BIRD CAGE,10.94.18.129
428935,BIRTLEY,10.94.214.161
530062,BISHOPS BRIDGE,10.94.18.225
235571,BISHOPSGATE,10.94.19.33
567670,BISPHAM,10.94.19.65
450052,BLACKBURN,10.94.206.225
325643,BLACKHEATH,10.94.19.129
334146,BLACKWOOD,10.94.19.193
527341,BLOEMFONTEIN,10.94.20.33
427281,BLYTH,10.94.245.129
211508,BLYTHSWOOD,10.94.20.129
572414,BOALER,10.94.20.161
418708,BOARSHAW,10.94.241.225
345202,BOLDMERE,10.94.20.225
429263,BOLDON,10.94.246.193
589736,BOLEHALL,10.94.21.1
238473,BOLTON,10.94.21.65
328782,BON ACCORD,10.93.97.161
337803,BO'NESS,10.93.16.193
335126,BONNYBRIDGE,10.94.21.193
333646,BONNYRIGG,10.94.21.225
371574,BOOTHFERRY,10.96.5.193
445871,BOOTLE STRAND,10.94.230.1
406661,BOSTON MANOR ROAD,10.93.7.193
360790,BOTHAM,10.93.74.33
443025,BOWRING PARK,10.94.228.65
349402,BRACEBRIDGE,10.93.51.193
558060,BRADFORD,10.94.22.193
309378,BRADSHAWGATE,10.93.21.129
310832,BRAINTREE,10.93.31.193
557011,BRAMALL,10.94.23.1
548612,BRAMLEY,10.94.23.33
361626,BRANDWELL,10.93.74.97
322458,BRECKFIELD,10.94.23.97
585254,BRECON,10.93.23.129
553006,BRETTON,10.93.22.193
304401,BRIDGE OF DON,10.93.30.193
298727,BRIDGE STREET,10.94.24.97
546365,BRIDGEFIELD,10.94.24.129
582817,BRIDGEND,10.93.45.97
504600,BRIDGES,10.94.24.193
286826,BRIDGEWAY,10.94.24.225
545286,BRIDLINGTON,10.94.25.1
451158,BRIERCLIFFE ROAD,10.93.59.97
302236,BRIERLEY HILL,10.94.25.65
318396,BRIGADIER,10.94.25.97
235652,BRIGSTOCK,10.94.25.129
317411,BRIMSDOWN,10.94.25.161
440899,BRINDLEY,10.93.8.161
421159,BRINNINGTON,10.93.49.65
407961,BRISLINGTON,10.94.208.225
501266,BRIXTON,10.93.108.65
442223,BROAD LANE,10.94.227.161
331023,BROADGATE,10.94.25.225
566399,BROADSTONE,10.93.66.97
316519,BROADWATER,10.93.43.225
293873,BROCKLEY RISE,10.94.26.129
510902,BROMLEY,10.94.26.193
321435,BROMWICH,10.94.27.33
524801,BRONDESBURY,10.94.27.65
354877,BRONTE,10.93.62.97
337609,BROOKLYNS,10.94.27.97
341703,BROOMFIELD ROAD,10.93.29.161
216909,BROOMHILL,10.94.27.161
536737,BROOMLANDS,10.94.27.193
334945,BROOMPARK,10.93.46.33
211850,BROUGHTY FERRY,10.94.27.225
306891,BROWNMOOR,10.93.23.161
436169,BROXHOLME LANE,10.94.216.225
019801,BRUNSWICK AVENUE,10.94.28.97
409744,BUDE,10.94.220.225
416876,BULKINGTON,10.94.211.161
412562,BULLS HEAD,10.93.116.193
332712,BURGESS HILL,10.94.28.193
392128,BURLEIGH STREET,10.93.131.1
369278,BURLINGTON,10.93.87.193
566492,BURNAGE,10.94.29.1
219029,BURNBANK,10.94.29.33
354195,BURNDEN,10.93.60.161
451528,BURNLEY ROAD,10.94.206.193
457797,BURRARD STREET,10.96.6.225
243604,BURY LANE,10.94.29.161
317543,BUSH HILL PARK,10.94.29.225
521510,BUSHEY,10.94.30.1
423996,BUTTARS LOAN,10.94.213.97
502419,BUTTS,10.94.30.33
339601,BYFLEET,10.94.30.97
538688,BYRON,10.94.30.193
584156,CADOXTON,10.94.30.225
425271,CALEDONIA STREET,10.94.249.97
290211,CAMBERWELL RD,10.94.31.129
409884,CAMBORNE,10.93.5.129
217301,CAMBUSLANG,10.93.39.33
339466,CAMELON,10.93.46.65
030805,CANNING TOWN,10.94.31.225
358828,CANTLEY,10.93.69.225
350480,CAPEHILL,10.93.57.65
330027,CARLISLE,10.94.32.193
380430,CARLUKE,10.93.113.193
353638,CARNTYNE,10.93.59.1
366079,CARREG,10.93.83.97
426869,CARRFIELD ROAD,10.94.246.97
317330,CARRICK STREET,10.94.32.225
392658,CARRIGANS,10.93.132.225
308177,CARRINGTON ROAD,10.93.23.97
280968,CASTLE STREET,10.94.33.1
336769,CASTLE VALE,10.94.33.97
554354,CASTLEFORD,10.94.33.33
426403,CASTLEMILK,10.94.223.193
349040,CASTLEVIEW,10.93.49.129
415698,CATHEDRAL CITY,10.93.10.1
532004,CATHKIN,10.94.33.193
353927,CATTERICK,10.93.59.129
297828,CATTON GROVE RD,10.93.60.225
430205,CAULD LAD,10.93.2.1
231150,CAVALIER,10.94.34.33
579148,CAVENDISH,10.93.52.225
358540,CAVERN,10.93.69.97
118508,CENTRAL ST,10.94.34.161
541571,CENTURION,10.94.34.193
300543,CESTER,10.93.87.97
524669,CHAPEL,10.94.35.193
347108,CHAPEL STREET,10.93.29.129
440384,CHAPEL-EN-LE-FRITH,10.94.253.97
435221,CHAPELTOWN,10.94.251.97
575445,CHARD,10.94.36.1
213209,CHARLES STREET,10.94.36.65
244201,CHARLEVILLE,10.93.61.33
317675,CHASE SIDE,10.94.36.161
422489,CHEADLE,10.94.254.1
506612,CHEAM,10.94.37.1
581615,CHELTENHAM,10.93.101.33
507408,CHERRY,10.94.38.33
508231,CHERTSEY,10.94.38.65
346004,CHESHUNT,10.94.38.97
505891,CHESSINGTON,10.94.38.129
288438,CHEYLESMORE,10.94.38.225
524010,CHICHELE,10.94.39.1
244406,CHILDS HILL,10.94.39.33
572231,CHILDWALL,10.93.54.97
551229,CHILLINGHAM,10.94.39.97
343005,CHINGFORD,10.94.39.129
427605,CHIRTON,10.94.246.33
419594,CHORLEY ROAD,10.93.58.193
388671,CHURCH LANE,10.93.116.129
244708,CHURTON,10.94.40.65
349550,CITYPARK,10.93.51.225
355558,CLAIR,10.93.63.193
441984,CLARENCE,10.94.236.225
388181,CLARETS,10.93.126.193
535514,CLARKSTON,10.93.123.65
415833,CLAY LANE,10.93.61.225
340804,CLAYHALL,10.94.41.97
562813,CLAYTON,10.94.41.129
369081,CLECKHEATON,10.93.86.225
245003,CLEMENTS,10.94.41.193
408290,CLEVEDON,10.94.208.129
389098,CLEWER HILL,10.93.128.193
404913,CLIFTON ROAD,10.94.248.65
573735,CLITHEROE,10.94.42.97
450361,COAL CLOUGH LANE,10.94.206.129
591218,COALWAY,10.94.43.1
336114,COATBRIDGE,10.94.43.33
535411,COATDYKE,10.94.43.65
433074,COBBLES,10.94.215.225
327549,COCKFOSTERS,10.94.43.129
277177,COLCHESTER,10.94.43.161
546811,COLDCOTES,10.94.43.193
408337,COLEFORD,10.94.224.161
522217,COLINDALE,10.94.44.33
340200,COLLIER ROW,10.94.44.129
304019,COLNE,10.93.37.161
160407,COLWYN BAY,10.94.44.225
416441,COMBERTON HILL,10.93.67.1
337501,CONCOURSE,10.94.45.33
533217,CONDORRAT,10.94.45.65
063401,CONEY HILL,10.94.45.97
373964,CONNAHS QUAY,10.93.94.193
325902,CONNAUGHT,10.94.45.129
317969,CONNOP ROAD,10.93.66.65
380039,CONTINENTAL,10.93.113.97
458149,CONWAY STREET,10.96.7.33
446791,COOKS ROAD,10.94.231.65
440927,COOPERATIVE,10.94.235.33
533561,COPLAND,10.94.46.1
449318,COPPLEHOUSE,10.94.226.161
360950,COPSON,10.93.73.161
080918,CORNER,10.94.46.33
591121,COSELEY,10.94.46.161
302562,COTTERIDGE,10.94.46.193
361289,COULBY NEWHAM,10.93.73.65
421439,COUNCILLOR LANE,10.94.254.33
585902,COUNDON,10.94.47.1
318036,COURTWICK,10.93.43.161
579285,COVINGHAM,10.94.47.129
307208,COWANE STREET,10.93.23.225
331627,CRAMLINGTON,10.94.48.33
233803,CRANHAM,10.94.48.129
019003,CRAVEN PARK,10.93.83.161
439377,CREWE,10.94.212.193
579353,CRICKLADE,10.93.75.1
323012,CRITERION,10.94.49.161
546587,CROMWELL,10.95.134.129
557291,CROOKES,10.94.50.1
575217,CROSBY,10.94.50.33
211206,CROSS HILL,10.94.50.65
587521,CROSSWAYS,10.94.50.129
061018,CROW LANE,10.94.50.193
448740,CROWN,10.94.227.129
415575,CROWN BRIDGE,10.93.3.129
458221,CROWN STORES,10.96.7.65
329517,CROWN STREET,10.94.51.1
570909,CROXTETH,10.94.51.65
402425,CROYDON ROAD,10.94.210.193
419696,CRUMPSALL,10.93.61.65
534369,CULLEN,10.94.51.161
533011,CUMBERNAULD,10.94.51.193
378875,CUMNOCK,10.93.107.33
312975,CUPAR,10.93.38.161
571097,DALEPOOL,10.94.52.65
283762,DALKEITH,10.94.52.97
213802,DALMARNOCK,10.94.52.161
568981,DALMENY,10.94.52.193
343609,DALMILLING,10.93.50.33
532481,DALMUIR,10.94.53.1
591883,DARLASTON,10.94.53.97
551419,DARLINGTON,10.93.61.1
556219,DARNALL,10.94.53.161
292761,DARTMOUTH RD,10.94.54.1
339806,DAWLEY PARADE,10.94.54.65
246204,DEANSBROOK,10.94.54.129
563639,DEANSGATE,10.93.107.129
340901,DEBDEN,10.94.54.193
359854,DELAMERE,10.93.71.129
521271,DELCO,10.93.48.65
537264,DENNISTOUN,10.94.55.33
561511,DENTON,10.93.45.161
590511,DERBY,10.93.102.161
421872,DERBYSHIRE LANE,10.94.242.225
275131,DERWENT PARADE,10.94.55.193
367222,DEVA,10.93.85.65
359457,DEWSBURY,10.93.70.1
442083,DEYSBROOK LANE,10.94.227.193
452363,DIGMOOR PARADE,10.93.9.225
441765,DINAS LANE,10.94.234.193
555261,DINNINGTON,10.94.56.33
592040,DITHERINGTON,10.94.56.65
358654,DOUGRIE DRIVE,10.93.72.161
538960,DOWNFIELD,10.94.56.193
290637,DOWNHAM WAY,10.94.56.225
118702,DOWNHILLS,10.94.57.1
431409,DOXFORD,10.93.0.193
528473,DRAYTON GREEN,10.94.57.65
545365,DRIFFIELD,10.94.57.97
313012,DROITWICH,10.93.38.65
561451,DROYLSDEN,10.94.57.161
021407,DRUMMOND ST,10.94.57.193
588608,DUDDESTON,10.94.57.225
540884,DUDDINGSTON,10.94.58.1
561138,DUKINFIELD,10.94.58.97
344907,DUNEARN,10.94.58.193
422837,DUNFERMLINE,10.93.50.97
342009,DUNMOW,10.93.96.161
318108,DURANTS,10.94.59.97
314627,DURBAN,10.93.107.65
333042,DURHAM,10.94.59.129
443407,DURNING ROAD,10.94.238.1
302694,DYAS,10.94.59.161
557416,DYKES,10.94.59.193
437090,EARL STREET,10.94.250.193
528681,EAST ACTON,10.94.60.33
423675,EAST CALDER,10.94.220.1
368249,EAST KILBRIDE,10.93.86.65
336017,EAST MAINS,10.94.60.97
304779,EASTBOURNE,10.93.33.1
535046,EASTCROSS,10.94.60.161
426138,EASTERHOUSE,10.93.54.1
546917,EASTERLY,10.94.60.193
389701,EASTGATE,10.93.149.225
379727,EASTWAY,10.93.112.33
033502,EASTWOOD,10.93.74.161
451457,EAVES LANE,10.94.249.225
551142,EBOR,10.94.61.1
436737,ECKINGTON,10.94.251.33
565961,EDGELEY,10.94.61.97
446252,EDINBURGH,10.94.231.97
540448,EDWARD,10.94.61.193
438401,ELDONIANS,10.94.232.161
234206,ELDRED,10.94.62.33
293318,ELECTRIC AVENUE,10.93.84.65
340405,ELM PARK,10.94.62.161
364553,ELM ROW,10.93.79.193
509449,ELTHAM,10.94.63.1
344605,ELVIN COURT,10.94.63.33
571571,EMPIRE,10.94.63.97
313718,ENFIELD TOWN,10.93.42.129
112003,ENGLEFIELD,10.94.63.161
330469,ENGLISH STREET,10.94.63.193
050210,EPSOM,10.94.64.1
589274,ERDINGTON,10.94.64.33
423157,ESKSIDE WEST,10.94.219.1
516664,ESSEX,10.94.64.65
247650,EWELL RD,10.94.64.193
539473,EXCHEQUER,10.93.32.161
385640,EXETER,10.93.118.97
418501,FAILSWORTH,10.93.80.129
304288,FAIRFIELD,10.93.28.129
400009,FAIRGREEN,10.94.211.1
338109,FALKIRK,10.94.65.65
447557,FANTAIL,10.94.233.193
426927,FELLGATE AVENUE,10.94.246.161
247804,FELTHAM,10.94.65.193
381635,FENCHURCH,10.93.114.193
428239,FENHAM,10.94.247.65
373500,FENLANDS,10.93.96.65
520805,FENNY,10.94.65.225
218308,FERNSLEA,10.94.66.33
284068,FERRY ROAD,10.94.66.65
041300,FIELD END RD,10.94.66.161
448480,FIFTH AVENUE,10.93.79.97
064009,FILTON AVENUE,10.94.66.193
570408,FINCH,10.94.66.225
523190,FINCHLEY,10.94.67.1
554550,FINKLE,10.94.67.33
406920,FISHPONDS ROAD,10.93.69.1
313854,FLAMSTEAD,10.93.42.1
567853,FLEETWOOD,10.94.68.65
295264,FLINT,10.94.68.97
437419,FOLEY STREET,10.93.83.193
414922,FORDHOUSES,10.93.10.33
286028,FOREGATE,10.94.69.1
574939,FORMBY,10.94.69.129
364488,FORT WILLIAM,10.93.79.161
541961,FOUNTAINBRIDGE,10.93.44.97
432606,FRAMWELLGATE,10.93.60.193
300918,FRANKLEY,10.94.70.97
219649,FRANKLYN,10.94.70.129
381519,FRASERBURGH,10.93.115.33
333859,FRECKLETON,10.94.70.161
553871,FREEMAN,10.94.70.193
248304,FRIMLEY GREEN,10.94.71.1
365515,FRODINGHAM,10.93.82.193
446620,FROG,10.94.250.1
331317,FRONTIERLAND,10.94.71.65
311616,GABLES,10.93.36.1
354543,GAINSBOROUGH,10.93.64.1
319600,GALASHIELS,10.93.18.65
393626,GALLERIES,10.93.150.129
548728,GAMECOCK,10.94.71.225
515910,GANTS,10.94.72.1
547117,GARFORTH,10.94.72.65
358773,GARNOCK,10.93.69.65
362543,GARROWHILL,10.93.77.65
444590,GATEACRE,10.94.232.1
288810,GAYER STREET,10.94.72.161
261203,GEORGE LANE,10.94.72.225
418072,GIBBETT STREET,10.94.225.97
432452,GILESGATE,10.94.214.97
216208,GILMOUR STREET,10.94.73.129
400608,GLEBE WAY,10.93.71.161
335975,GLENROTHES,10.94.74.97
514001,GLOUCESTER,10.94.74.129
235903,GLYN ROAD,10.94.74.161
383644,GODIVA,10.93.118.33
113018,GOLDERS GREEN,10.94.75.1
291374,GOLDSMITH,10.94.75.65
449103,GOODISON ROAD,10.94.236.97
214450,GORDON STREET,10.94.75.193
540949,GORGIE,10.94.75.225
583791,GORSEINON,10.94.76.1
426203,GORSTON STREET,10.94.223.33
564151,GORTON,10.94.76.33
586911,GOSFORD,10.94.76.65
316911,GOUROCK,10.94.76.97
533619,GOVAN,10.94.76.129
338001,GRAHAMS ROAD,10.93.24.97
551596,GRANGE,10.94.77.33
534296,GRANGEMOUTH,10.94.77.65
350812,GRAYS INN,10.93.58.225
439969,GREASBY,10.94.209.161
300047,GREAT BARR,10.94.77.129
369403,GREAT DOCKRAY,10.93.88.225
238937,GREAT HARWOOD,10.94.77.161
442552,GREEN DRAGON,10.94.234.161
403771,GREEN WRYTHE LANE,10.94.254.161
031518,GREENGATE ST,10.94.78.65
443538,GREENHILL ROAD,10.94.229.33
418875,GREENSIDE LANE,10.94.243.225
543143,GREENWOOD,10.96.0.225
565876,GRENVILLE,10.94.78.193
449739,GREY ROAD,10.94.239.33
234508,GREYHOUND,10.94.79.1
554029,GRIMSBY,10.94.79.33
431279,GRINDON,10.93.1.193
284149,GROATHILL,10.94.79.65
320358,GROBY ROAD,10.94.79.97
565519,GROVE,10.94.79.129
271756,GRUNDY,10.93.150.97
318272,GUN & MAGPIE,10.94.79.193
272159,GURNEY RD,10.94.79.225
568465,GYNN,10.94.80.33
021806,HAGGERSTON RD,10.93.90.129
404453,HAINAULT ROAD,10.94.218.97
532241,HALFWAY,10.94.80.97
559195,HALIFAX,10.94.80.129
380682,HALKETT PLACE,10.96.7.129
557561,HALLAMSHIRE,10.94.80.193
535643,HALLCRAIG,10.94.80.225
281778,HALLIEWELL ROAD,10.94.81.33
311544,HALSTEAD,10.93.34.1
547277,HALTON,10.94.81.65
587264,HANDSWORTH,10.94.81.97
522705,HANGER,10.94.81.129
313245,HARBORNE,10.93.35.161
532318,HARDGATE,10.94.82.1
285919,HARLESCOTT,10.94.82.65
295051,HARLEYFORD RD,10.94.82.129
274763,HAROLD HILL,10.94.82.161
563796,HARPURHEY,10.94.82.225
511818,HARRODS,10.94.83.65
282219,HARROGATE,10.94.83.97
298816,HARWICH,10.94.83.161
285536,HASLINGDEN,10.93.20.1
511318,HASTINGS,10.94.84.33
313990,HATCH LANE,10.93.41.225
283126,HAUNCH,10.94.84.129
284238,HAWICK,10.94.84.225
249807,HAWTHORNE,10.94.85.1
011800,HAYES,10.94.85.33
411549,HAYLE,10.93.5.193
540580,HAYTON,10.94.85.129
549049,HEADINGLEY,10.93.71.193
525779,HEATH,10.94.86.1
277576,HEATHER PARK,10.94.86.65
274453,HEATHWAY,10.94.86.129
339181,HEATON PARK,10.93.44.129
558912,HECKMONDWIKE,10.94.86.193
346306,HEDNESFORD,10.94.86.225
557617,HEELEY,10.94.87.1
419168,HEIGHTS,10.94.244.33
377704,HEMEL,10.93.106.225
522373,HENDON,10.94.87.129
352092,HERLINGTON,10.93.55.33
449497,HERMITAGE,10.94.236.193
130605,HERNE BAY,10.94.88.33
556399,HERRIES,10.94.88.65
286346,HERTFORD,10.93.97.225
564035,HEYWOOD,10.94.88.225
314404,HIGH ELMS,10.93.41.97
022004,HIGH RD E.11,10.94.89.33
577834,HIGHBRIDGE,10.93.91.1
569217,HIGHFIELD,10.94.89.161
218405,HILLHOUSE,10.94.90.1
529119,HILLINGDON RD,10.93.98.65
557778,HILLSBOROUGH,10.94.90.97
441533,HILLSIDE,10.94.235.97
580049,HINTON,10.94.90.161
587346,HIPPODROME,10.94.90.193
309008,HIPSWELL HIGHWAY,10.93.21.97
307602,HITCHIN,10.93.25.1
296511,HITHER GREEN LANE,10.93.68.129
500413,HOBBS,10.94.91.1
370015,HOCKNEY,10.93.88.1
346209,HODDESDON,10.94.91.65
545945,HOLBECK,10.94.91.97
543964,HOLDERNESS,10.96.1.225
584996,HOLLYBUSH,10.94.92.1
583931,HOLTON,10.94.92.65
449618,HOLY NAME,10.94.227.1
367972,HOLYWELL,10.93.91.33
326038,HOME STREET,10.94.92.129
409995,HONITON,10.93.58.129
150606,HOOLE,10.94.92.161
420036,HOPE & ANCHOR,10.94.207.97
340308,HORNCHURCH,10.94.92.225
528157,HORNLANE,10.94.93.1
114006,HORNSEY,10.94.93.33
378294,HORSEMARKET,10.93.109.1
548501,HORSFORTH,10.94.93.65
505084,HORSHAM,10.94.93.97
393134,HORWICH,10.93.135.129
431771,HOUGHTON,10.94.214.225
336319,HOWARD STREET,10.93.28.33
427737,HOWDON,10.94.245.225
562731,HOWGILL,10.94.93.193
435624,HOYLAND,10.94.252.33
559250,HUDDERSFIELD,10.94.94.1
542873,HUDSONS,10.96.0.129
320765,HUMBERSTONE LANE,10.94.94.65
527019,HUNGERFORD,10.94.94.97
546458,HUNSLET,10.94.94.129
351930,HUNTINGDON,10.93.104.33
364189,HUNTS CROSS,10.93.80.97
341118,HUTTON,10.94.94.225
570390,HUYTON,10.94.95.1
561611,HYDE,10.94.95.33
558255,IDLE,10.94.95.65
525135,ILBERT,10.94.95.97
503914,ILDERTON,10.94.95.129
413780,ILKESTON TOWN,10.94.214.33
430764,INFIRMARY,10.93.0.129
568017,INSTITUTE,10.94.96.1
537911,INVERURIE,10.94.96.97
333328,IRVINE,10.94.96.161
350207,IRWELL,10.93.52.161
351897,ISLE,10.93.55.1
517432,ISLINGTON,10.94.96.225
582241,JACROW,10.94.97.33
404107,JAMAICA ROAD,10.94.252.193
513863,JAMES,10.94.97.65
536275,JOHNSTONE,10.94.97.129
541173,JOPPA,10.94.97.193
524353,JUBILEE,10.93.69.129
558351,KEIGHLEY,10.94.98.65
536643,KELBURNE,10.94.98.97
402538,KEMPTON PARK,10.93.7.65
436918,KENDRAY STREET,10.93.135.97
416648,KENILWORTH,10.93.99.1
301302,KETTLEHOUSE,10.94.99.1
323578,KIDDERMINSTER,10.94.99.33
218804,KILBOWIE,10.94.99.65
524790,KILBURN,10.94.99.97
211605,KILSYTH,10.94.223.225
424268,KINCARDINE BRIDGE,10.94.221.129
447660,KINGFISHER,10.94.234.33
301639,KINGS HEATH,10.93.16.97
452718,KING'S PLACE,10.93.18.97
522151,KINGSBURY,10.94.100.65
040509,KINGSHILL,10.94.100.129
415363,KINGSWINFORD,10.94.217.225
346403,KINGSWOOD,10.94.101.1
575095,KIRKBY,10.94.101.97
422969,KIRKCALDY,10.93.114.33
532818,KIRKINTILLOCH,10.93.26.97
547835,KIRKSTALL,10.94.101.225
344818,KITTYBREWSTER,10.94.102.1
550264,KNARESBOROUGH,10.94.102.65
551014,KNAVESMIRE,10.94.102.97
372412,KNIGHTSWOOD,10.93.93.161
554778,KNOTTINGLEY,10.94.102.193
270318,KNOTTS GREEN,10.93.21.161
575151,KNOWSLEY,10.94.103.33
430686,LABURNAM GARDENS,10.93.0.97
445214,LACEY'S,10.93.105.129
423417,LADYSGATE,10.94.221.161
405699,LAINDON,10.93.3.97
558411,LAISTERDYKE,10.94.103.129
327816,LAMBTON,10.94.103.161
319708,LANARK,10.94.103.225
291161,LANDELLS,10.94.104.1
539681,LANGSTRACHT,10.94.104.65
341401,LANGTON,10.94.104.97
287954,LANSDOWN,10.94.104.129
344400,LARGS,10.94.104.193
444381,LARK LANE,10.94.228.225
593157,LARKHALL,10.94.104.225
314299,LARKSWOOD,10.93.41.129
442827,LATHAM ROAD,10.93.52.129
327239,LATIMER,10.94.105.1
576365,LAUNCESTON,10.93.92.1
558513,LAWKHOLME,10.94.105.97
558639,LAWLORS,10.94.105.129
356249,LAYGATE,10.93.65.97
404687,LEABRIDGE ROAD,10.94.218.161
586158,LEAMINGTON,10.94.105.193
338959,LEAMORE,10.93.37.225
505729,LEATHERHEAD,10.94.105.225
549840,LEEDS,10.94.106.1
419792,LEES,10.94.249.1
359327,LEGER,10.93.70.129
592626,LEICESTER,10.93.39.97
363534,LEIGHTON BUZZARD,10.93.78.161
284467,LEITH WALK,10.94.106.129
349158,LEMON TREE,10.93.49.193
580231,LEOMINSTER,10.94.106.161
533813,LEONARDS,10.94.166.225
376056,LETCHWORTH,10.93.102.65
371662,LEYLAND,10.93.93.97
324612,LILLEYBROOK,10.94.107.225
446848,LINACRE LANE,10.94.230.33
439571,LINNETS,10.93.8.193
330256,LINTON,10.94.108.33
344508,LINWOOD,10.94.108.65
566883,LISBURNE,10.94.108.97
576458,LISKEARD,10.94.108.129
373707,LISTER,10.93.97.33
580790,LISWERRY,10.93.77.129
447404,LITHERLAND,10.94.231.1
368947,LITTLE SUTTON,10.93.88.129
371283,LITTLEBOROUGH,10.93.93.1
251909,LITTLEHAMPTON,10.93.100.161
569865,LIVERPOOL,10.94.109.65
393772,LIVERPOOL CENTRAL,10.93.150.225
542285,LIVINGSTONE,10.93.60.97
584346,LLANRUMNEY,10.94.109.161
424413,LOCHEE,10.94.213.65
531756,LOCKBURN,10.94.109.225
577944,LOCKING,10.94.110.1
323829,LOCKSBOTTOM,10.94.110.33
274925,LODGE AVENUE,10.94.110.65
022500,LONDON RD,10.94.110.161
359512,LONG EATON,10.93.70.193
140201,LONG ELMS,10.94.110.193
042706,LONG LANE,10.94.110.225
301825,LONGBRIDGE,10.94.111.1
563543,LONGSIGHT,10.94.111.33
521315,LONGSPRINGS,10.94.111.65
565217,LONGTON,10.94.111.97
314991,LOUGHTON,10.93.40.161
231800,LOW FRIAR,10.94.111.193
425565,LOW GLENCAIRN STREET,10.94.225.193
433470,LOW WILLINGTON,10.94.216.65
405870,LOWDEN ROAD,10.94.244.225
071005,LOWER EDMONTON,10.94.112.1
022608,LOWER JAMES ST,10.94.112.33
358488,LOWRY,10.93.68.161
555707,LOWTOWN,10.94.112.129
577117,LUCIUS,10.94.112.161
518132,LUPUS,10.94.113.1
520951,LUTON,10.94.113.33
384095,LYE,10.93.116.33
569011,LYTHAM,10.94.113.129
337364,MABLETHORPE,10.93.39.129
565461,MACCLESFIELD,10.93.48.1
444155,MACKETS LANE,10.93.50.193
325368,MADELEAZE,10.93.26.33
510169,MAIDSTONE,10.93.57.193
553298,MAIN,10.94.114.33
580801,MAINDEE,10.94.114.65
590451,MALIN,10.94.114.161
365421,MALTBY,10.93.82.97
436628,MALTON,10.93.10.225
546128,MALVERN,10.94.114.193
379456,MANCUNIAN,10.93.104.1
570580,MANNINGHAM,10.94.115.1
325449,MANSFIELD,10.94.115.65
548360,MANSION,10.94.115.129
438585,MARBLE HALL,10.94.232.193
520280,MARCHMONT,10.94.116.1
544187,MARFLEET,10.96.6.65
271926,MARKET SQUARE,10.94.116.193
416926,MARSTON GREEN,10.93.118.65
307769,MARTELLO,10.93.20.97
569375,MARTON,10.94.117.33
284386,MARY STREET,10.94.117.65
210609,MARYHILL,10.94.117.97
314809,MASEFIELD,10.93.40.225
538786,MASTRICK,10.94.117.193
252603,MATHIAS,10.94.117.225
420687,MAULDETH ROAD,10.94.240.193
357948,MAXWELLTON,10.93.67.97
423777,MEADOWBANK,10.94.220.65
306938,MEADOWS,10.93.29.225
383783,MEAL MARKET,10.93.116.225
547956,MEANWOOD,10.94.118.97
511512,MEDWAY,10.94.118.129
299642,MELTON ROAD,10.93.49.225
212709,MERCHANT CITY,10.94.119.1
310689,MERE GREEN,10.93.34.193
347299,MERROW,10.94.119.97
339504,MERRYLEE,10.94.119.129
322318,MERSEY,10.94.119.161
561805,MERSEYWAY,10.94.119.193
551663,MIDDLESBROUGH,10.94.120.33
253006,MILKWOOD,10.94.120.161
401308,MITCHAM ROAD,10.94.210.65
591448,MOLINEAUX,10.94.121.129
543360,MOLLISON,10.96.1.33
427391,MONKSEATON,10.94.245.161
417189,MONKSPATH,10.94.204.193
578044,MONMOUTH,10.94.121.225
533932,MONTGOMERY,10.94.122.1
360137,MONTROSE,10.93.71.1
438678,MONUMENT PLACE,10.94.232.225
533374,MOODIESBURN,10.94.122.33
392729,MOORENDS,10.93.135.161
368038,MOORLANDS WALK,10.93.85.193
548068,MOORTOWN,10.93.123.225
365224,MORCILLA,10.93.81.193
253308,MORDEN,10.94.122.161
284548,MORNINGSIDE,10.93.73.129
526688,MORNINGTON,10.94.123.33
305623,MOSELEY,10.93.44.33
448359,MOSS LANE,10.94.239.97
361437,MOSSPARK,10.93.74.129
419895,MOSTON LANE,10.93.92.129
285463,MOTSPUR,10.94.123.161
509324,MOTTINGHAM,10.94.123.193
335215,MOUNT OLIPHANT,10.94.123.225
320587,MOWBRAY,10.94.124.65
532711,MUIRHEAD,10.94.124.97
506360,MULGRAVE,10.94.124.129
340502,MUNGO PARK,10.94.124.193
330612,MUSWELL HILL,10.94.125.97
298646,MUTTON LANE,10.94.125.161
390929,NANTWICH,10.93.131.97
385008,NARBOROUGH ROAD,10.93.117.193
583619,NEATH,10.94.126.1
309649,NEILSLAND ROAD,10.93.20.129
062200,NELSON,10.94.126.65
353189,NESCOTT,10.93.54.65
447192,NETHERTON,10.94.233.65
253650,NETHERWOOD,10.94.126.97
253707,NEW CROSS,10.94.126.161
304645,NEW OLLERTON,10.93.30.65
430076,NEW PROSPECT,10.93.1.1
457805,NEW STREET,10.96.7.97
311233,NEWARTHILL,10.93.35.1
545458,NEWBOROUGH,10.94.127.1
581051,NEWBRIDGE,10.94.127.33
284718,NEWHAVEN,10.94.127.97
289817,NEWHAW,10.93.56.193
593274,NEWLAND,10.96.3.1
349364,NEWMAINS,10.93.49.161
364867,NEWMARKET,10.93.82.65
576917,NEWQUAY,10.94.128.1
540708,NEWTOFT,10.94.128.33
336203,NEWTON HEATH,10.94.128.65
352209,NEWTONS COURT,10.93.55.97
318914,NEWTOWN,10.94.128.97
541707,NIDDRIE,10.94.128.129
318450,NIGHTINGALE,10.94.128.161
543806,NIGHTJAR,10.96.1.193
210803,NITHSDALE,10.94.128.225
327018,NOOK,10.94.129.33
291951,NORBURY,10.94.129.65
560175,NORMAN,10.94.129.129
434251,NORTH ORMESBY,10.93.6.129
022802,NORTH ROW,10.94.130.1
043206,NORTH WEMBLEY,10.94.130.33
510514,NORTHCANT,10.94.130.97
564724,NORTHENDEN,10.94.130.129
301213,NORTHFIELD,10.94.130.193
578143,NORTHGATE,10.94.130.225
440267,NORTHWICH,10.93.88.193
521949,NORTHWICK,10.93.151.65
043109,NORTHWOOD HILLS,10.94.131.33
413265,NORTON,10.93.52.193
512727,NOTTING HILL,10.94.131.97
388581,NOTTINGHAM,10.93.127.161
508801,NUNHEAD,10.94.131.129
367568,NURSERY PARADE,10.93.86.33
312014,NUTWELL,10.93.34.97
311739,OAKHILLS,10.93.32.225
285846,OAKWOOD,10.94.131.225
418672,OLD COCK,10.94.241.193
403814,OLD KENT ROAD,10.94.252.161
311313,OLD NEWTON,10.93.37.97
445325,OLD ROAN,10.94.226.193
354629,OLD SWAN,10.93.61.129
376284,OLD VIC,10.93.103.97
413631,OLD WALSALL ROAD,10.94.203.129
411854,OLDBURY,10.93.32.97
235024,OLDFIELD LANE,10.94.132.193
562375,OLDHAM,10.94.132.225
341509,ONGAR,10.94.133.65
563017,OPENSHAW,10.93.105.1
543409,ORCHARD,10.96.1.65
319473,ORFORD LANE,10.94.133.161
516003,ORIENT,10.94.133.193
434483,ORMESBY ROAD,10.93.6.97
453758,ORMSKIRK ROAD,10.93.9.161
118907,OSBOURNE,10.94.133.225
232750,OSIDGE,10.94.134.1
324558,OSSETT,10.93.32.1
420110,OTLEY,10.94.240.1
310262,OUTRAM,10.93.17.65
560411,OUTWOOD,10.94.134.97
446431,PACIFIC,10.94.230.225
441263,PAGE MOSS,10.94.235.1
556111,PAGEHALL,10.94.134.193
346918,PAISLEY ROAD WEST,10.94.135.33
568326,PALATINE,10.94.135.97
431096,PALLION,10.93.1.65
254606,PALMERSTON,10.94.135.161
424646,PAPA GILLS,10.94.225.161
214906,PARADISE,10.94.136.1
544439,PARAGON,10.96.2.97
261408,PARCHMORE,10.94.136.65
447932,PARK BROW,10.94.234.1
517792,PARK LANE,10.93.22.1
569950,PARKER,10.93.129.161
285048,PARKHEAD GARDENS,10.94.136.193
447727,PARKLANDS,10.94.234.129
531372,PARTICK,10.94.137.1
276162,PASTURE ROAD,10.94.137.33
349989,PATCHWAY,10.93.50.1
344001,PEACOCKS,10.93.24.33
593085,PEAKS,10.94.137.161
319155,PEATMOOR,10.94.137.193
509056,PECKHAM,10.94.137.225
284866,PEEBLES,10.94.138.1
190101,PENGE,10.94.138.97
541097,PENICUIK,10.94.138.129
355013,PENNY LANE,10.93.63.1
314531,PENRHYN,10.93.79.1
379853,PENWORTHAM,10.93.112.1
585105,PENYLAN,10.93.46.193
511981,PENYWERN,10.94.139.65
298352,PERRY BARR,10.94.139.97
509166,PERRY VALE,10.94.139.129
331147,PETERHEAD,10.93.94.225
372841,PEVERIL,10.93.96.1
372718,PHOENIX,10.93.95.97
441618,PILCH LANE,10.93.110.33
325813,PILRIG,10.93.68.193
410355,PLAINMOOR,10.93.45.33
031909,PLAISTOW,10.94.140.225
573346,Plungington,10.94.141.97
318701,PONDERS END,10.94.142.1
407339,PONTING STREET,10.94.255.33
344109,POOLE,10.94.142.65
571610,POOLSIDE,10.94.142.97
451955,POOLSTOCK LANE,10.93.9.129
256609,POTTERS,10.94.143.33
567365,POULTON,10.94.143.65
239798,POWERSCROFT RD,10.94.143.161
335630,PRENTIS,10.94.144.33
442746,PRESCOT,10.94.237.161
160806,PRESTATYN,10.94.144.65
573176,PRESTON,10.94.144.97
317209,PRESTWICK,10.94.144.129
315642,PRIMETT,10.93.42.65
384460,PRINCES MALL,10.93.122.97
439097,PRINCESS STREET,10.93.8.65
420206,PUDSEY,10.94.240.33
374257,PUMP LANE,10.93.99.129
541876,PUMPHERSTON,10.94.145.1
384888,PURLEY CROSS,10.93.117.1
403005,PURLEY WAY,10.94.255.1
070718,PYMMES PARK,10.94.145.33
523621,QUADRANT,10.94.145.97
211303,QUARRY STREET,10.94.145.129
337404,QUEDGELEY,10.94.145.161
412070,QUEENS ROAD,10.94.203.193
375608,QUEENSBURY,10.93.101.193
115908,QUEENSWAY,10.93.96.97
441182,QUIET MAN,10.93.59.193
281263,QUINTON,10.94.145.225
386293,QUO VADIS,10.93.124.161
427990,RABY,10.94.247.129
553513,RACECOMMON,10.94.146.1
563861,RADCLIFFE,10.94.146.33
383582,RADLEYS,10.93.117.129
400121,RANDLESDOWN ROAD,10.94.252.225
418218,RANGE,10.94.241.33
354210,RAPLOCH,10.93.61.193
556528,RAWMARSH,10.94.146.225
341908,RAYLEIGH,10.93.116.161
140104,RAYNERS LANE,10.94.147.33
506891,RAYNES,10.94.147.65
415185,RAYNOR PARADE,10.93.10.97
575606,REACH,10.94.147.97
588232,RED LION,10.94.147.193
110809,REDCAP,10.94.147.225
564217,REDDISH,10.94.148.1
321214,REDDITCH,10.94.148.33
297232,REDFIELD,10.94.148.65
458479,REDHOUSES,10.96.7.193
411616,REDRUTH,10.93.5.161
308816,REEPHAM,10.93.22.161
545587,REIDS,10.93.55.225
321974,RENFREW,10.94.148.161
284998,RESTALRIG,10.94.148.225
555951,RETFORD,10.94.149.1
161004,RHOS ON SEA,10.94.149.65
573057,RHYL,10.94.149.97
573463,RIBBLETON,10.94.149.129
447813,RICE LANE,10.94.239.1
528981,RICHMOND,10.94.149.161
216402,RIDDRIE,10.94.149.225
326852,RIDGE AVENUE,10.94.150.1
236527,RIDGEWAY,10.94.150.33
451282,RISHTON,10.93.59.33
590891,RISING BROOK,10.94.150.193
329452,RIVERSIDE,10.94.151.1
439254,RIVINGTON ROAD,10.94.209.225
411762,ROBIN HOOD,10.94.202.225
562459,ROCHDALE,10.94.151.97
364647,ROE LEE,10.93.81.33
402141,ROFFEY,10.94.250.97
450237,ROSE GROVE,10.94.206.161
308290,ROSE STREET,10.93.20.65
580915,ROSS,10.93.92.97
567705,ROSSALL,10.94.152.65
554881,ROTHWELL,10.93.56.129
547371,ROUNDHAY,10.94.152.161
256501,ROWAN,10.94.152.193
440486,ROWSON STREET,10.94.209.97
118001,ROYAL,10.94.152.225
363699,ROYAL PRIORS,10.93.78.225
426027,ROYSTON,10.94.223.97
562011,ROYTON,10.94.153.1
302767,RUBERY,10.94.153.33
214302,RUCHILL,10.94.153.65
337706,RUMFORD,10.93.98.1
329126,RUNNYMEDE,10.94.153.129
033103,RUSH GREEN,10.94.153.193
073806,RUSSELL,10.94.154.1
531863,RUTHERGLEN,10.94.154.65
429129,SACRISTON,10.94.215.65
366721,SADDLERS,10.93.86.129
359980,SAFARI,10.93.70.65
592769,SAFFRON,10.94.154.129
282138,SAINT EDMUNDS,10.93.66.225
393243,SAINTS,10.93.136.1
564841,SALE,10.94.155.65
579591,SALISBURY,10.94.155.129
367465,SALTERGATE,10.93.86.161
300845,SALTLEY,10.94.155.193
351554,SALTWELL,10.93.53.129
317735,SALVINGTON,10.93.42.225
543597,SAMMAN,10.96.1.97
458051,SAND STREET,10.96.7.1
379981,SANDBACH,10.93.111.65
219452,SARACEN,10.93.54.161
214507,SAUCHIEHALL,10.94.156.129
283614,SAUGHTON ROAD,10.94.156.161
539981,SCHOOL,10.94.156.225
287520,SCOTSTOUNHILL,10.94.157.1
319023,SCOTT ARMS,10.94.157.33
548236,SCOTTHALL,10.94.157.65
435093,SCUNTHORPE,10.93.110.65
430464,SEA ROAD,10.93.2.97
361822,SEACOMBE,10.93.76.1
312679,SEAFIELD,10.93.32.193
539005,SEAGATE,10.94.157.129
432064,SEAHAM HARBOUR,10.93.135.33
382734,SEAWARD ST,10.93.115.129
445405,SEFTON ROAD,10.94.230.193
555073,SELBY,10.94.157.225
588570,SELLY,10.94.158.1
305335,SEPHAM,10.93.31.129
023108,SEVEN SISTERS RD,10.94.158.65
586473,SEWALL,10.94.158.97
323691,SHAKESPEARE,10.94.158.225
373240,SHANNON,10.96.5.97
414017,SHARDLOW ROAD,10.94.213.193
365052,SHAW,10.93.81.1
533446,SHAWBRIDGE,10.94.159.1
282456,SHAWLANDS,10.94.159.33
413382,SHAWSDALE ROAD,10.93.33.161
328413,SHAY,10.94.159.65
275395,SHEERNESS,10.94.159.129
412952,SHELDON,10.94.205.1
347809,SHENFIELD,10.94.159.161
289027,SHERBORNE,10.94.159.193
429405,SHERIFFS HIGHWAY,10.94.247.193
387983,SHERINGHAM,10.93.127.1
377441,SHETTLESTON RD,10.93.102.225
551845,SHIELDS,10.94.159.225
556011,SHIREBROOK,10.94.160.65
556787,SHIREGREEN,10.94.160.97
062707,SHIREHAMPTON,10.94.160.129
080306,SHOREDITCH,10.94.161.1
536351,SHORTLEES,10.93.89.97
556876,SICEY,10.93.42.193
575979,SIDWELL,10.94.161.161
050601,SIPSON RD,10.94.162.33
405120,SIZEWELL,10.93.62.193
581439,SKINNER,10.94.162.129
591708,SMILING,10.94.162.225
444262,SMITHDOWN ROAD,10.93.100.1
555136,SOUTH ELMSALL,10.94.163.97
512323,SOUTH KEN,10.94.163.161
334359,SOUTHGATE,10.94.164.33
063908,SOUTHMEAD,10.94.164.65
573996,SOUTHPORT,10.94.164.97
540600,SOUTHSIDE,10.94.164.129
503546,SOUTHWARK,10.94.164.161
503704,SPA,10.93.95.1
367040,SPALDING,10.93.84.1
323128,SPATOWN,10.94.165.33
570002,SPEKE,10.93.50.161
433576,SPENNYMOOR,10.94.216.97
439479,SPORTING FORD,10.93.9.1
444956,SPORTSMAN,10.94.238.65
543674,SPRINGBANK,10.96.1.129
537346,SPRINGBOIG,10.94.165.225
537749,SPRINGBURN,10.94.166.1
429832,SPRINGWELL,10.93.3.1
334812,SPURS,10.94.166.65
549414,SQUARE,10.94.166.97
569111,SQUIRES,10.94.166.129
450837,ST ALBANS ROAD,10.93.109.65
323985,ST HELENS,10.94.166.193
435762,ST JOSEPH'S,10.94.251.1
352606,ST NEOTS,10.93.55.193
458384,ST. AUBINS,10.96.7.161
445113,ST. MARYS ROAD,10.94.229.65
337900,ST. NINIAN'S,10.93.22.97
043818,STADIUM,10.94.167.33
553639,STAINFORTH,10.94.167.129
561280,STALYBRIDGE,10.94.167.161
329851,STAMFORD HILL,10.94.167.193
298018,STANLEY COURT,10.94.168.1
043907,STANMORE,10.94.168.33
579617,STAPLEHILL,10.93.92.225
062804,STAPLETON ROAD,10.94.168.129
550463,STARBECK,10.94.168.193
344702,STATION SQUARE,10.94.168.225
436378,STATUE,10.96.0.97
435854,STAVELEY,10.94.251.129
436228,STEEL CITY,10.94.250.225
446116,STELLA PRECINCT,10.94.230.129
319538,STENHOUSE,10.93.73.33
272515,STEPNEY,10.94.169.65
323321,STEYNE,10.93.75.129
552632,STOCKTON,10.94.170.1
330752,STONEWELL,10.94.170.129
521884,STOPSLEY,10.94.170.161
322741,STOURBRIDGE,10.94.170.193
507708,STRANGER,10.94.171.1
419465,STRANGEWAYS,10.94.244.97
379021,STRATFORD,10.93.109.225
309949,STRATHAVEN,10.93.16.129
345326,STRATHMORE,10.94.171.65
230901,STRAWBERRY VALE,10.94.171.97
578597,STREET,10.94.171.193
420933,STRETFORD ROAD,10.93.105.161
303700,STROOD,10.94.171.225
275468,STRUTTON GROUND,10.94.172.1
233250,SUDBURY,10.94.172.33
235458,SUFFIELD,10.94.172.65
160903,SUN,10.93.98.33
234109,SUNBURY CROSS,10.94.172.193
552020,SUNDERLAND,10.94.172.225
505360,SURBITON,10.94.173.1
554245,SUTCLIFFE,10.94.173.33
544756,SUTTON,10.96.2.161
308052,SWADLINCOTE,10.93.21.65
354447,SWAN WALK,10.93.62.1
370135,SWANLEY,10.93.90.193
570219,SWANSIDE,10.94.173.129
438321,SWIFTS,10.94.230.65
419967,SWINTON,10.94.242.97
278408,TALBOT RD,10.94.174.33
589613,TAMWORTH,10.94.174.97
312183,TANKERTON,10.93.33.33
377261,TATTERSFIELD,10.93.105.33
578740,TEIGNMOUTH,10.93.38.129
291226,TELEGRAPH,10.94.174.225
013609,TERMINUS,10.94.175.1
409278,THE ANCHOR,10.94.220.97
427835,THE ANSON,10.93.45.193
413154,THE BAGGOTT,10.94.202.161
416093,THE CRESCENT,10.94.212.97
339089,THE CROSS,10.93.45.65
442618,THE DERBY LODGE,10.93.67.65
438112,THE PANSY,10.94.237.97
416593,THE PLUME,10.94.204.161
391779,THE POACHERS,10.93.133.129
270296,THE PORT,10.94.175.129
434605,THE PRIORY,10.93.6.193
448862,THE RED BRICK,10.94.236.1
388919,THE TIGERS,10.93.128.1
313140,THETFORD,10.93.36.161
550674,THIRSK,10.94.175.193
590305,THOMAS,10.94.175.225
328316,THORNABY,10.93.64.33
536157,THORNLIEBANK,10.94.176.33
259403,THORNTON,10.93.101.225
259500,THORPE LEA,10.94.176.97
342203,THURROCK,10.94.176.193
301124,TIMBERLEY,10.94.176.225
422244,TIMPERLEY VILLAGE,10.93.8.33
384921,TINDAL SQUARE,10.93.118.1
556961,TINSLEY,10.93.105.225
562593,TODMORDEN,10.94.177.65
328618,TOKYNGTON,10.94.177.97
238643,TOLLBAR,10.94.177.129
537463,TOLLCROSS,10.94.177.161
505911,TOLWORTH,10.94.177.225
278254,TOMLINS,10.94.178.1
567151,TOPPING,10.94.178.161
576151,TORQUAY,10.93.100.129
523318,TORRINGTON,10.94.178.225
416780,TOUCHWOOD,10.94.204.225
430171,TOWN END FARM,10.93.2.65
376615,TOWN MOOR,10.93.103.1
571876,TOWNCLOCK,10.94.179.129
559551,TOWNGATE,10.93.102.97
570121,TOXTETH,10.94.179.225
406048,TRAMWAY,10.94.244.193
375862,TRANMERE,10.93.102.193
321141,TREDWORTH,10.94.180.33
537674,TRIANON,10.94.180.129
569688,TRINITY,10.94.180.161
305145,TROON,10.93.30.33
407554,TROWBRIDGE,10.94.205.129
577071,TRURO,10.93.62.129
401191,TUDOR PARADE,10.94.253.33
345105,TULSE HILL,10.94.180.225
378478,TURF MOOR,10.93.107.161
583110,TWEEDSMUIR,10.94.181.65
063703,TWERTON,10.94.181.97
063800,TWO MILE HILL,10.93.49.33
413476,TYBURN ROAD,10.94.202.193
366167,TYLDESLEY,10.93.83.33
588960,UNICORN HILL,10.94.181.193
534554,UNION,10.94.181.225
423803,UPHALL,10.94.219.225
414166,UPPERDALE ROAD,10.93.33.65
571487,UPTON,10.94.182.225
590719,UTTOXETER,10.94.183.1
013501,UXBRIDGE RD,10.94.183.33
414456,UXBRIDGE STREET,10.94.213.161
161101,VAUGHAN STREET,10.94.183.97
273414,VICARAGE LANE,10.94.183.161
533111,VILLAGE,10.93.20.225
033200,VINEYARDS,10.94.184.33
557916,WADSLEY,10.94.184.97
560331,WAKEFIELD,10.94.184.129
231207,WALDECK,10.93.60.1
303062,WALL HEATH,10.94.185.33
572840,WALLASEY,10.94.185.97
440524,WALLASEY VILLAGE,10.93.104.97
296872,WALMLEY,10.94.185.193
305916,WALTHAM ABBEY,10.93.44.65
572905,WALTON,10.94.186.1
437692,WALTON BRECK ROAD,10.94.235.193
448106,WALTON ROAD,10.94.236.65
449505,WALTON VALE,10.94.239.65
309281,WANSTEAD,10.93.19.97
346608,WARDSHILL,10.94.186.65
286419,WARE ROAD,10.94.186.97
411909,WARLEY,10.94.204.1
408991,WARMINSTER,10.94.205.97
308537,WARNDON,10.93.33.225
574615,WARRINGTON,10.94.186.161
438963,WARRINGTON ROAD,10.93.110.161
319244,WARWICK,10.94.186.193
567458,WATERLOO,10.94.187.65
508659,WATERMAN,10.93.45.1
423079,WATERWORLD,10.93.56.1
521451,WATFORD,10.93.65.225
347026,WATH,10.94.187.161
328146,WATLING,10.93.19.1
280186,WEALDSTONE,10.94.188.33
418415,WEASTE,10.93.95.129
413896,WEDNESFIELD,10.93.10.129
526073,WEEDINGTON,10.94.188.65
063207,WELLS ROAD,10.94.188.193
338769,WELLSLEY,10.93.39.65
587611,WEOLEY,10.94.188.225
326364,WESLEY,10.94.189.1
390293,WEST CROSS,10.93.130.97
260908,WEST CROYDON,10.94.189.33
442415,WEST DERBY ROAD,10.94.228.1
422640,WEST MAIN STREET,10.94.219.161
429574,WEST ROAD,10.94.247.33
032506,WEST ST,10.94.189.97
434880,WEST TERRACE,10.93.6.33
293520,WEST WICKHAM,10.94.189.129
422067,WEST WITHINGTON,10.94.241.129
408170,WESTBURY-ON-TRYM,10.93.68.225
281611,WESTHOUGHTON,10.94.190.33
543740,WESTHULL,10.96.1.161
215007,WESTMUIR,10.94.190.161
376979,WESTON FAVELL,10.93.102.1
545854,WESTPARK,10.96.2.225
559617,WESTVALE,10.93.53.1
282324,WESTWOOD,10.94.191.1
550891,WETHERBY,10.94.191.33
237752,WHADDON ROAD,10.94.191.97
238821,WHALLEY NEW ROAD,10.94.191.129
535737,WHIFFLET,10.93.130.33
357030,WHITBURN,10.93.65.65
523818,WHITCHURCH,10.94.191.193
071404,WHITE HART LANE,10.93.50.65
382845,WHITE ROSE,10.93.110.1
023906,WHITECROSS ST,10.94.192.65
569588,WHITEGATE,10.93.30.161
276782,WHITETHORN,10.94.193.1
427452,WHITLEY ROAD,10.94.245.193
453384,WHITWORTH ROAD,10.93.96.33
401025,WICKHAM ROAD,10.93.68.33
335770,WIGTON,10.94.194.1
387330,WILBRAHAM,10.93.125.193
502890,WILCOX,10.94.194.33
592978,WILLENHALL,10.94.194.65
510870,WILLINGTON,10.94.194.161
405795,WILLOUGHBY LANE,10.94.244.161
332429,WINCHMORE HILL,10.94.195.1
346101,WINDMILL LANE,10.94.195.33
439712,WIRRAL,10.94.209.193
352726,WISBECH,10.93.54.225
534711,WISHAW,10.94.195.65
589157,WITTON,10.94.195.129
234923,WOKING,10.94.195.161
322865,WOLLASTON,10.94.195.193
565074,WOLSTANTON,10.94.195.225
330841,WOMBWELL,10.94.196.33
333182,WOOD GREEN,10.94.196.65
571233,WOODCHURCH,10.94.196.97
140600,WOODCOCK PARK,10.94.196.129
531422,WOODCROSS,10.94.196.161
561710,WOODLEY,10.94.197.65
582711,WOODVILLE,10.94.197.129
318566,WOOLPACK,10.94.197.161
572193,WOOLTON,10.93.89.1
326917,WORKINGTON,10.94.198.1
367797,WORKSOP,10.93.87.161
513019,WORLDSEND,10.94.198.33
364288,WORSLEY,10.93.80.225
282936,WORTHING,10.94.198.97
301019,WRENTHAM,10.94.198.129
352866,WREXHAM,10.93.56.33
510298,WURTIN,10.94.198.193
344206,WYLDE GREEN,10.94.198.225
298247,WYVERN,10.94.199.65
333212,YARDLEY,10.94.199.97
375557,YATE,10.93.101.1
262005,YEADING LANE,10.94.199.161
299324,YEOMAN,10.94.199.193
578236,YEOVIL,10.94.199.225
044601,YIEWSLEY,10.94.200.1
514609,YOUNGS,10.94.200.97
